booking_id,customer_id,source,status,checkin,checkout,oyo_rooms,hotel_id,amount,discount,date
2001,189314,4,3,4/2/2017,4/3/2017,1,252,3215,680,3/26/2017
2002,77901,4,2,4/1/2017,4/2/2017,1,252,2675,567,3/31/2017
2003,199763,4,3,3/24/2017,3/25/2017,1,252,2652,561,3/24/2017
2004,162631,0,2,3/21/2017,3/22/2017,1,252,3366,740,3/20/2017
2005,119697,2,2,3/17/2017,3/18/2017,2,252,6399,1354,3/17/2017
2006,189314,4,4,3/4/2017,3/5/2017,1,252,3237,685,3/3/2017
2007,89798,4,2,3/30/2017,4/2/2017,1,571,13190,3348,3/27/2017
2008,61516,4,2,3/17/2017,3/18/2017,1,571,4126,873,3/16/2017
2009,77745,3,2,3/13/2017,3/14/2017,1,571,3834,811,3/9/2017
2010,164004,3,2,3/12/2017,3/13/2017,1,571,3834,811,3/12/2017
2011,122584,4,2,3/10/2017,3/11/2017,1,571,4224,893,3/9/2017
2012,77745,3,3,3/10/2017,3/13/2017,1,571,12995,2749,3/7/2017
2013,77745,3,3,3/10/2017,3/13/2017,1,571,12281,2598,3/8/2017
2014,122584,4,2,3/6/2017,3/8/2017,1,571,5067,1073,3/4/2017
2015,77745,3,3,3/10/2017,3/13/2017,1,571,12539,2652,3/6/2017
2016,77745,3,3,3/11/2017,3/13/2017,1,571,9357,1980,3/3/2017
2017,66762,4,2,4/1/2017,4/2/2017,1,109,3249,688,3/26/2017
2018,66762,4,2,3/18/2017,3/19/2017,1,109,3119,660,3/14/2017
2019,142194,4,3,3/11/2017,3/12/2017,1,109,3119,660,3/4/2017
2020,66762,4,2,3/4/2017,3/5/2017,1,109,3119,660,3/4/2017
2021,193036,3,3,3/24/2017,3/27/2017,1,88,11372,2406,3/21/2017
2022,193036,3,3,4/7/2017,4/10/2017,1,88,11076,2343,3/22/2017
2023,57835,1,2,3/15/2017,3/17/2017,1,88,6427,1360,3/10/2017
2024,193036,3,2,3/10/2017,3/12/2017,1,88,6492,1374,3/9/2017
2025,42387,1,2,3/10/2017,3/11/2017,1,88,2568,543,3/6/2017
2026,193036,3,2,3/9/2017,3/10/2017,1,88,2561,542,3/8/2017
2027,193036,3,3,3/6/2017,3/12/2017,1,88,17893,3785,3/2/2017
2028,175955,4,2,3/2/2017,3/3/2017,1,88,2560,541,3/2/2017
2029,193036,3,2,3/6/2017,3/9/2017,1,88,8822,1867,3/4/2017
2030,144909,4,2,3/11/2017,3/13/2017,1,755,8057,1705,3/1/2017
2031,128934,4,2,3/22/2017,3/24/2017,1,859,3897,825,3/22/2017
2032,26893,0,4,3/13/2017,3/14/2017,1,859,1559,343,3/13/2017
2033,53047,4,2,3/8/2017,3/9/2017,1,859,1624,343,3/8/2017
2034,171586,1,2,3/15/2017,3/16/2017,1,232,2040,431,3/14/2017
2035,22534,3,2,3/8/2017,3/9/2017,1,232,3032,641,3/8/2017
2036,93174,3,2,3/7/2017,3/8/2017,1,232,2181,462,3/7/2017
2037,22534,3,2,3/6/2017,3/8/2017,1,232,4007,848,3/6/2017
2038,175955,4,2,3/28/2017,3/29/2017,1,195,2022,428,3/28/2017
2039,175955,4,2,3/13/2017,3/14/2017,1,195,2392,506,3/13/2017
2040,47628,4,2,3/8/2017,3/9/2017,1,195,2285,580,3/8/2017
2041,100771,3,2,3/7/2017,3/8/2017,1,195,2674,565,3/6/2017
2042,187466,4,2,3/5/2017,3/6/2017,1,195,1997,422,3/4/2017
2043,189081,3,3,3/6/2017,3/7/2017,1,195,2722,576,3/6/2017
2044,175582,1,2,3/4/2017,3/5/2017,1,195,2365,501,3/3/2017
2045,21196,3,2,3/3/2017,3/4/2017,1,195,2540,538,3/3/2017
2046,21196,3,3,3/3/2017,3/4/2017,1,195,1859,394,3/3/2017
2047,188210,4,2,3/2/2017,3/3/2017,1,195,1386,352,3/2/2017
2048,100771,3,2,3/1/2017,3/2/2017,1,195,2014,426,3/1/2017
2049,102620,4,2,3/9/2017,3/10/2017,1,195,3374,857,3/9/2017
2050,47827,3,2,3/27/2017,3/28/2017,1,468,2491,527,3/27/2017
2051,183383,3,2,3/31/2017,4/1/2017,1,468,2924,618,3/31/2017
2052,183383,3,2,3/30/2017,3/31/2017,1,468,2924,618,3/30/2017
2053,122286,3,2,3/11/2017,3/12/2017,1,468,2989,633,3/11/2017
2054,122286,3,3,3/12/2017,3/13/2017,1,468,3119,660,3/11/2017
2055,161917,4,2,3/23/2017,3/24/2017,1,468,2491,527,3/23/2017
2056,185451,3,3,3/21/2017,3/22/2017,1,468,2166,459,3/19/2017
2057,172023,3,3,3/18/2017,3/19/2017,1,152,2664,563,3/13/2017
2058,192119,3,2,4/1/2017,4/2/2017,1,194,2079,440,3/29/2017
2059,172023,3,2,3/24/2017,3/26/2017,1,194,4677,990,3/18/2017
2060,58266,4,2,3/18/2017,3/19/2017,1,194,2339,495,3/9/2017
2061,172023,3,2,3/18/2017,3/19/2017,1,194,2404,508,3/14/2017
2062,112916,4,2,3/10/2017,3/11/2017,1,194,2274,481,3/9/2017
2063,24582,4,2,4/1/2017,4/2/2017,1,160,2859,605,3/30/2017
2064,71382,0,2,4/3/2017,4/4/2017,1,486,2664,712,3/27/2017
2065,169072,4,2,3/31/2017,4/1/2017,1,486,2144,453,3/30/2017
2066,149163,4,2,3/30/2017,3/31/2017,1,486,1754,371,3/30/2017
2067,149163,4,2,3/30/2017,3/31/2017,3,486,5651,1196,3/30/2017
2068,160482,0,3,3/25/2017,3/26/2017,1,486,3314,729,3/24/2017
2069,179762,4,2,3/22/2017,3/24/2017,1,486,4417,935,3/21/2017
2070,148274,1,2,3/15/2017,3/18/2017,1,486,7601,1608,3/13/2017
2071,130739,0,2,3/17/2017,3/18/2017,1,486,2404,529,3/14/2017
2072,86676,1,2,3/16/2017,3/17/2017,1,486,2209,468,3/14/2017
2073,71382,0,2,3/10/2017,3/11/2017,1,486,2404,611,3/8/2017
2074,190191,0,2,3/7/2017,3/8/2017,1,486,2014,443,3/7/2017
2075,115643,3,2,3/6/2017,3/7/2017,1,486,2794,591,3/6/2017
2076,190191,0,2,3/5/2017,3/7/2017,1,486,4417,971,3/5/2017
2077,118918,4,3,3/2/2017,3/3/2017,1,486,2144,453,3/2/2017
2078,76337,4,2,3/11/2017,3/12/2017,1,486,2599,660,3/11/2017
2079,71382,0,2,3/7/2017,3/10/2017,1,486,6560,1443,3/6/2017
2080,55529,1,2,3/18/2017,3/19/2017,1,153,2144,453,3/17/2017
2081,52458,4,2,3/31/2017,4/7/2017,1,402,11166,2362,3/29/2017
2082,69650,4,2,3/19/2017,3/20/2017,3,402,4091,866,3/19/2017
2083,67529,1,2,3/17/2017,3/18/2017,1,402,1299,275,3/16/2017
2084,171522,4,2,3/17/2017,3/18/2017,1,402,1624,343,3/17/2017
2085,189413,1,2,3/11/2017,3/12/2017,2,250,5067,1073,3/3/2017
2086,39916,3,2,3/22/2017,3/23/2017,1,250,1884,398,3/22/2017
2087,122584,4,2,3/8/2017,3/10/2017,1,846,6107,1293,3/7/2017
2088,19960,1,2,4/1/2017,4/2/2017,1,405,5004,1058,3/31/2017
2089,130034,4,2,3/21/2017,3/23/2017,1,107,5587,1183,3/14/2017
2090,59986,3,2,3/30/2017,3/31/2017,1,383,2209,468,3/30/2017
2091,70651,4,2,3/21/2017,3/22/2017,1,383,2729,578,3/21/2017
2092,70651,4,2,3/20/2017,3/21/2017,1,383,2469,523,3/20/2017
2093,70651,4,2,3/1/2017,3/2/2017,1,383,2794,591,3/1/2017
2094,106210,0,3,3/30/2017,3/31/2017,1,274,2014,443,3/29/2017
2095,106210,0,2,3/27/2017,3/30/2017,1,274,6930,1525,3/16/2017
2096,59140,4,2,3/2/2017,3/3/2017,1,274,3769,798,3/2/2017
2097,116485,1,2,3/19/2017,3/20/2017,1,56,1950,413,3/17/2017
2098,50932,4,3,3/23/2017,3/27/2017,1,56,15486,3276,3/21/2017
2099,8656,4,2,3/12/2017,3/13/2017,1,583,3054,646,3/12/2017
2100,51469,3,2,3/11/2017,3/12/2017,1,583,2859,605,3/10/2017
2101,8656,4,2,3/10/2017,3/11/2017,1,583,2729,578,3/9/2017
2102,8656,4,2,3/8/2017,3/9/2017,1,583,2274,481,3/8/2017
2103,41098,4,2,3/4/2017,3/5/2017,1,583,2014,426,3/4/2017
2104,17049,4,3,3/20/2017,3/21/2017,1,583,2924,618,3/11/2017
2105,140507,4,2,4/7/2017,4/8/2017,2,245,5792,1225,3/11/2017
2106,66909,4,2,3/8/2017,3/10/2017,1,245,4389,928,3/7/2017
2107,57569,4,2,4/1/2017,4/4/2017,1,944,9122,1929,3/31/2017
2108,83992,4,2,3/15/2017,3/17/2017,1,944,3739,791,3/15/2017
2109,76836,4,2,3/14/2017,3/16/2017,1,944,4347,920,3/6/2017
2110,96585,0,2,4/6/2017,4/7/2017,1,295,2859,629,3/27/2017
2111,70558,1,2,3/25/2017,3/26/2017,1,295,3184,673,3/20/2017
2112,96585,0,2,3/15/2017,3/17/2017,1,295,5067,1114,3/13/2017
2113,30752,0,2,3/14/2017,3/15/2017,1,295,2534,558,3/12/2017
2114,85427,4,2,3/3/2017,3/4/2017,1,295,2599,550,3/3/2017
2115,163829,4,2,3/25/2017,3/27/2017,1,86,5299,1121,3/23/2017
2116,159448,0,2,3/20/2017,3/25/2017,1,86,8860,1949,3/4/2017
2117,47251,0,2,3/16/2017,3/17/2017,1,86,2764,608,3/15/2017
2118,47251,0,2,3/14/2017,3/16/2017,1,86,5754,1266,3/14/2017
2119,57801,3,3,3/2/2017,3/3/2017,1,86,1897,402,3/1/2017
2120,57801,3,3,4/2/2017,4/3/2017,1,161,2280,483,3/31/2017
2121,57801,3,2,3/31/2017,4/1/2017,1,161,1929,408,3/31/2017
2122,57801,3,3,4/1/2017,4/2/2017,1,161,2872,607,3/31/2017
2123,57801,3,2,3/30/2017,3/31/2017,1,161,1819,385,3/30/2017
2124,57801,3,2,3/27/2017,3/28/2017,1,161,1639,347,3/27/2017
2125,98247,4,2,3/27/2017,3/28/2017,1,161,1871,396,3/27/2017
2126,57801,3,2,3/26/2017,3/27/2017,1,161,1993,421,3/26/2017
2127,134930,1,3,3/26/2017,3/31/2017,1,161,9237,1954,3/26/2017
2128,57801,3,2,3/23/2017,3/24/2017,1,161,1923,407,3/22/2017
2129,57801,3,3,3/24/2017,3/25/2017,1,161,2179,461,3/23/2017
2130,31412,3,2,3/23/2017,3/24/2017,1,161,1949,413,3/23/2017
2131,57801,3,2,3/22/2017,3/23/2017,1,161,2181,462,3/21/2017
2132,57801,3,2,3/20/2017,3/21/2017,1,161,2067,438,3/20/2017
2133,57801,3,2,3/19/2017,3/20/2017,1,161,1791,380,3/19/2017
2134,57801,3,3,3/20/2017,3/21/2017,1,161,2198,465,3/19/2017
2135,57801,3,2,3/21/2017,3/22/2017,1,161,2231,472,3/21/2017
2136,57801,3,3,3/21/2017,3/22/2017,1,161,2387,505,3/20/2017
2137,179762,4,2,3/21/2017,3/22/2017,1,471,2079,440,3/20/2017
2138,648,4,2,4/13/2017,4/17/2017,1,248,14815,3761,3/22/2017
2139,87768,3,2,3/28/2017,3/29/2017,1,248,2859,605,3/27/2017
2140,105035,4,2,3/25/2017,3/27/2017,1,248,4807,1018,3/22/2017
2141,117378,3,3,3/24/2017,3/26/2017,1,248,7277,1540,3/3/2017
2142,57757,4,3,6/8/2017,6/11/2017,1,760,8966,1896,3/8/2017
2143,15169,3,3,4/21/2017,4/23/2017,1,760,5047,1068,3/17/2017
2144,15169,3,3,4/21/2017,4/23/2017,1,760,5047,1068,3/17/2017
2145,15169,3,3,4/21/2017,4/23/2017,1,760,5026,1064,3/19/2017
2146,15169,3,3,4/21/2017,4/23/2017,2,760,10052,2126,3/19/2017
2147,139399,4,3,4/12/2017,4/16/2017,1,760,9677,2456,3/31/2017
2148,138286,2,2,3/21/2017,3/22/2017,1,355,2794,591,3/21/2017
2149,39916,3,2,3/21/2017,3/22/2017,1,933,1780,376,3/21/2017
2150,186707,4,2,6/22/2017,6/25/2017,1,385,10721,2268,3/30/2017
2151,173516,4,2,3/11/2017,3/12/2017,1,597,3379,715,3/11/2017
2152,26389,4,2,3/31/2017,4/1/2017,1,154,2014,426,3/31/2017
2153,26389,4,2,3/24/2017,3/25/2017,1,154,2209,468,3/24/2017
2154,26389,4,2,3/13/2017,3/14/2017,1,154,2599,550,3/12/2017
2155,196829,0,2,3/6/2017,3/9/2017,1,154,5066,1114,3/4/2017
2156,26389,4,2,3/17/2017,3/18/2017,1,154,2209,468,3/17/2017
2157,124236,0,2,4/1/2017,4/3/2017,1,84,5067,1114,3/31/2017
2158,169072,4,2,3/28/2017,3/29/2017,1,84,1624,343,3/27/2017
2159,52281,3,2,3/18/2017,3/20/2017,1,84,3637,770,3/18/2017
2160,52281,3,3,3/18/2017,3/19/2017,1,84,2079,440,3/18/2017
2161,52281,3,3,3/18/2017,3/20/2017,1,84,3637,770,3/18/2017
2162,66762,4,2,3/11/2017,3/12/2017,1,84,3314,701,3/9/2017
2163,147466,2,4,3/12/2017,3/13/2017,1,894,2014,426,3/12/2017
2164,82641,0,3,3/10/2017,3/11/2017,2,894,6497,1429,3/10/2017
2165,194199,3,3,3/18/2017,3/19/2017,1,907,2469,523,3/18/2017
2166,196829,4,2,3/26/2017,3/31/2017,1,612,8899,1882,3/24/2017
2167,164004,3,2,3/18/2017,3/19/2017,1,612,2729,578,3/18/2017
2168,55369,4,2,3/8/2017,3/11/2017,1,612,5390,1141,3/5/2017
2169,55369,4,2,3/7/2017,3/8/2017,1,612,2144,453,3/7/2017
2170,47628,4,2,3/18/2017,3/19/2017,1,251,2014,426,3/18/2017
2171,100829,1,2,3/25/2017,3/26/2017,2,975,4287,908,3/14/2017
2172,73181,4,2,3/19/2017,3/20/2017,1,756,1884,398,3/18/2017
2173,73181,4,2,3/17/2017,3/19/2017,1,756,4742,1203,3/17/2017
2174,52617,4,2,3/18/2017,3/20/2017,1,756,5392,1141,3/18/2017
2175,113777,4,2,3/28/2017,3/29/2017,1,83,1798,381,3/28/2017
2176,168544,4,2,3/22/2017,3/26/2017,1,83,10884,2302,3/22/2017
2177,97348,4,2,3/25/2017,3/26/2017,1,83,3524,746,3/22/2017
2178,141329,4,4,3/25/2017,3/26/2017,1,83,3501,740,3/25/2017
2179,87053,0,3,3/25/2017,3/26/2017,1,83,2751,605,3/11/2017
2180,127496,3,3,3/18/2017,3/19/2017,1,83,3008,637,3/18/2017
2181,109973,4,3,3/13/2017,3/14/2017,1,83,1840,389,3/12/2017
2182,82881,4,3,4/14/2017,4/17/2017,1,106,10526,2226,3/29/2017
2183,82026,4,2,3/31/2017,4/1/2017,1,106,1949,413,3/31/2017
2184,82881,4,3,4/14/2017,4/17/2017,1,106,10526,2226,3/1/2017
2185,73651,4,2,3/18/2017,3/19/2017,1,106,2274,481,3/18/2017
2186,132459,4,2,3/29/2017,3/30/2017,1,244,1712,362,3/29/2017
2187,99817,1,2,3/24/2017,3/25/2017,1,244,2678,567,3/23/2017
2188,179948,4,2,3/12/2017,3/13/2017,1,244,2404,611,3/10/2017
2189,99817,1,2,3/8/2017,3/9/2017,1,244,1884,398,3/8/2017
2190,199850,4,3,3/5/2017,3/6/2017,1,244,2144,453,3/4/2017
2191,122311,4,3,4/7/2017,4/10/2017,1,408,6041,1278,3/19/2017
2192,118052,1,2,3/9/2017,3/11/2017,1,554,4612,976,3/9/2017
2193,79360,4,2,3/12/2017,3/13/2017,1,353,2664,563,3/11/2017
2194,191727,4,2,3/29/2017,3/30/2017,1,757,1859,472,3/29/2017
2195,15976,3,3,3/28/2017,3/29/2017,1,757,2460,520,3/26/2017
2196,141329,4,2,3/19/2017,3/20/2017,1,757,2821,597,3/14/2017
2197,3427,3,2,3/17/2017,3/18/2017,1,691,2093,443,3/16/2017
2198,86713,4,2,3/31/2017,4/1/2017,1,691,1594,338,3/31/2017
2199,3427,1,4,3/15/2017,3/16/2017,1,691,2490,527,3/15/2017
2200,168634,4,2,3/8/2017,3/9/2017,1,691,1962,498,3/7/2017
2201,172114,4,2,3/2/2017,3/3/2017,1,691,1808,383,3/2/2017
2202,172114,4,2,3/1/2017,3/2/2017,1,691,2053,435,3/1/2017
2203,137492,4,2,3/11/2017,3/12/2017,1,820,2144,453,3/11/2017
2204,137492,4,2,3/2/2017,3/3/2017,1,820,2274,481,3/2/2017
2205,15445,4,2,3/24/2017,3/25/2017,1,856,4484,948,3/24/2017
2206,55490,0,2,3/7/2017,3/10/2017,1,280,6236,1583,3/4/2017
2207,33838,0,2,3/24/2017,3/25/2017,1,978,3899,990,3/24/2017
2208,33838,0,3,3/24/2017,3/25/2017,1,978,3899,990,3/24/2017
2209,149275,0,2,3/16/2017,3/17/2017,1,978,3769,829,3/16/2017
2210,142291,4,2,3/13/2017,3/15/2017,1,978,8252,1746,3/13/2017
2211,41034,0,3,3/1/2017,3/3/2017,1,978,7732,1701,3/1/2017
2212,74224,3,2,3/11/2017,3/12/2017,1,633,3964,838,3/11/2017
2213,128523,3,3,3/26/2017,3/27/2017,1,888,3388,717,3/26/2017
2214,55660,0,2,3/20/2017,3/21/2017,1,219,1689,372,3/19/2017
2215,4328,4,2,3/22/2017,3/23/2017,1,635,2014,426,3/22/2017
2216,151151,4,3,3/20/2017,3/21/2017,2,635,3897,825,3/19/2017
2217,137492,4,2,3/13/2017,3/14/2017,1,635,1949,413,3/13/2017
2218,162206,1,2,3/10/2017,3/11/2017,1,841,2534,536,3/8/2017
2219,184825,4,4,3/22/2017,3/23/2017,1,220,1754,446,3/22/2017
2220,181249,4,2,3/9/2017,3/10/2017,1,220,1494,316,3/8/2017
2221,181249,4,2,3/8/2017,3/9/2017,1,220,1494,316,3/7/2017
2222,111743,4,3,3/25/2017,3/26/2017,1,220,2014,426,3/25/2017
2223,53008,3,2,4/1/2017,4/2/2017,1,299,3314,701,3/31/2017
2224,170335,4,2,3/31/2017,4/1/2017,1,299,2989,633,3/31/2017
2225,130583,3,2,3/19/2017,3/20/2017,1,299,4029,853,3/18/2017
2226,153664,4,2,3/8/2017,3/9/2017,1,299,3444,728,3/7/2017
2227,189735,3,2,4/18/2017,4/19/2017,1,315,3050,646,3/25/2017
2228,188854,4,2,3/27/2017,3/28/2017,1,315,3296,697,3/25/2017
2229,101173,4,2,3/24/2017,3/25/2017,1,315,3016,638,3/23/2017
2230,84287,4,3,3/24/2017,3/25/2017,1,315,3189,674,3/23/2017
2231,183032,4,2,3/23/2017,3/24/2017,1,315,3189,674,3/19/2017
2232,188854,4,3,3/26/2017,3/27/2017,1,315,3280,694,3/21/2017
2233,134413,3,3,4/1/2017,4/2/2017,1,315,4125,872,3/28/2017
2234,183919,4,2,3/19/2017,3/20/2017,1,315,3224,682,3/19/2017
2235,188854,4,3,3/19/2017,3/20/2017,1,315,3189,674,3/17/2017
2236,101173,4,2,3/16/2017,3/18/2017,1,315,5546,1174,3/15/2017
2237,56558,4,2,3/17/2017,3/18/2017,1,315,3285,695,3/17/2017
2238,101173,4,2,3/11/2017,3/12/2017,1,315,2812,595,3/11/2017
2239,188854,4,3,3/10/2017,3/11/2017,1,315,3488,738,3/9/2017
2240,188854,4,3,3/9/2017,3/10/2017,1,315,3189,674,3/8/2017
2241,82864,4,2,3/7/2017,3/8/2017,1,315,2773,586,3/7/2017
2242,188854,4,3,3/7/2017,3/8/2017,1,315,3189,674,3/6/2017
2243,188854,4,2,3/12/2017,3/13/2017,1,315,3272,692,3/9/2017
2244,121464,4,3,3/12/2017,3/13/2017,1,315,3272,692,3/9/2017
2245,101173,1,2,3/6/2017,3/11/2017,1,315,14931,3158,3/4/2017
2246,121464,4,3,3/11/2017,3/12/2017,1,315,3189,674,3/9/2017
2247,66504,4,2,4/1/2017,4/3/2017,3,309,14422,3051,3/31/2017
2248,21651,0,2,3/15/2017,3/18/2017,1,309,7145,1572,3/14/2017
2249,64580,0,3,3/6/2017,3/20/2017,3,309,119629,26319,3/6/2017
2250,106125,4,3,3/11/2017,3/12/2017,1,48,2924,743,3/11/2017
2251,67743,0,3,3/7/2017,3/8/2017,1,48,2794,710,3/6/2017
2252,137899,4,2,3/21/2017,3/22/2017,1,557,2209,468,3/21/2017
2253,154070,4,3,3/21/2017,3/22/2017,1,557,2469,523,3/21/2017
2254,156506,0,2,3/16/2017,3/17/2017,1,557,2144,472,3/16/2017
2255,111771,4,3,3/15/2017,3/16/2017,1,557,2469,627,3/15/2017
2256,31316,3,4,3/12/2017,3/13/2017,1,557,2469,523,3/12/2017
2257,146507,0,3,3/10/2017,3/11/2017,1,557,2924,644,3/10/2017
2258,11989,0,4,3/6/2017,3/7/2017,1,557,2924,644,3/6/2017
2259,183359,4,2,3/5/2017,3/7/2017,1,132,6757,1430,3/1/2017
2260,91936,4,3,3/3/2017,3/4/2017,1,132,4354,921,3/3/2017
2261,145651,4,2,3/30/2017,3/31/2017,1,883,3588,759,3/29/2017
2262,4377,4,2,3/28/2017,3/29/2017,1,883,3588,911,3/28/2017
2263,122970,2,2,3/21/2017,3/24/2017,1,883,9360,1980,3/21/2017
2264,18586,4,2,3/12/2017,3/14/2017,1,883,7176,1518,3/12/2017
2265,17715,4,2,3/3/2017,3/4/2017,1,883,3120,792,3/3/2017
2266,2263,0,2,3/1/2017,3/2/2017,1,883,3120,686,3/1/2017
2267,99465,0,2,4/9/2017,4/13/2017,1,473,10135,2230,3/28/2017
2268,59211,3,2,3/21/2017,3/22/2017,1,473,2209,561,3/20/2017
2269,122970,2,4,3/16/2017,3/17/2017,1,473,2014,426,3/16/2017
2270,33978,4,2,3/13/2017,3/17/2017,1,473,8705,1841,3/10/2017
2271,19221,0,2,3/16/2017,3/17/2017,1,473,2209,486,3/16/2017
2272,728,4,3,3/10/2017,3/11/2017,2,473,4677,990,3/8/2017
2273,10067,4,3,3/9/2017,3/10/2017,1,473,2144,453,3/7/2017
2274,145519,4,3,3/4/2017,3/5/2017,2,473,4937,1045,3/3/2017
2275,76847,1,2,3/2/2017,3/4/2017,1,473,4157,880,3/1/2017
2276,40129,0,2,3/3/2017,3/4/2017,1,473,1949,495,3/3/2017
2277,8605,3,3,3/4/2017,3/5/2017,1,170,2339,495,3/4/2017
2278,2861,4,3,3/25/2017,3/26/2017,1,73,4484,948,3/25/2017
2279,62527,4,2,3/15/2017,3/16/2017,1,73,2989,633,3/6/2017
2280,107041,1,3,3/16/2017,3/17/2017,1,73,2664,563,3/6/2017
2281,198621,1,3,3/18/2017,3/19/2017,1,422,4614,976,3/18/2017
2282,186697,3,2,3/20/2017,3/24/2017,1,229,15595,3299,3/19/2017
2283,186697,3,4,3/17/2017,3/20/2017,1,229,11501,2433,3/16/2017
2284,198949,4,2,3/8/2017,3/9/2017,1,229,4159,880,3/8/2017
2285,193867,3,3,3/7/2017,3/8/2017,1,229,4159,880,3/7/2017
2286,158427,0,2,4/2/2017,4/7/2017,1,427,22809,5018,3/22/2017
2287,158427,0,2,4/3/2017,4/7/2017,1,427,18195,4003,3/22/2017
2288,158427,0,2,4/2/2017,4/5/2017,1,427,13841,3045,3/22/2017
2289,158427,0,2,4/3/2017,4/5/2017,1,427,9097,2001,3/29/2017
2290,158427,0,2,4/2/2017,4/5/2017,1,427,13322,3381,3/29/2017
2291,158427,0,2,4/3/2017,4/4/2017,1,427,4614,1015,3/22/2017
2292,158427,0,3,4/2/2017,4/3/2017,2,427,8447,2144,3/29/2017
2293,106125,4,3,3/21/2017,3/22/2017,1,89,3120,792,3/21/2017
2294,142836,3,3,3/23/2017,3/24/2017,1,99,6174,1568,3/23/2017
2295,43107,3,2,3/11/2017,3/12/2017,1,99,4419,935,3/11/2017
2296,55188,0,2,4/1/2017,4/2/2017,1,357,3769,829,3/31/2017
2297,189377,3,2,4/1/2017,4/2/2017,1,357,4549,963,3/27/2017
2298,195863,4,3,4/1/2017,4/2/2017,1,357,3769,798,3/31/2017
2299,139526,4,2,3/16/2017,3/17/2017,1,357,3444,728,3/16/2017
2300,189288,4,2,3/13/2017,3/14/2017,1,357,3249,688,3/13/2017
2301,189288,4,2,3/11/2017,3/13/2017,1,357,7537,1595,3/11/2017
2302,168493,3,3,3/10/2017,3/11/2017,1,357,4549,963,3/10/2017
2303,10444,3,2,3/8/2017,3/9/2017,1,357,3184,673,3/8/2017
2304,57736,0,3,3/10/2017,3/11/2017,1,357,5264,1594,3/8/2017
2305,57736,0,3,3/9/2017,3/10/2017,1,357,3964,1154,3/8/2017
2306,189223,3,3,3/8/2017,3/9/2017,1,357,3964,1007,3/8/2017
2307,54842,0,3,3/23/2017,3/27/2017,1,817,22417,5768,3/23/2017
2308,54842,0,2,3/23/2017,3/27/2017,1,817,21897,5558,3/23/2017
2309,121464,4,3,4/16/2017,4/17/2017,1,301,3054,646,3/17/2017
2310,13982,3,3,3/30/2017,3/31/2017,1,301,2664,677,3/26/2017
2311,57210,0,3,3/23/2017,3/24/2017,1,301,3314,729,3/22/2017
2312,134413,3,3,3/21/2017,3/22/2017,1,301,3444,728,3/19/2017
2313,134413,4,3,3/23/2017,3/24/2017,1,301,2924,618,3/15/2017
2314,121464,4,3,3/13/2017,3/14/2017,1,301,3249,688,3/9/2017
2315,62390,4,3,3/16/2017,3/17/2017,1,301,2924,618,3/10/2017
2316,170106,3,3,3/20/2017,3/21/2017,1,301,2924,618,3/8/2017
2317,92557,0,2,3/7/2017,3/8/2017,1,301,2924,644,3/7/2017
2318,171359,4,2,3/24/2017,3/25/2017,1,301,3379,715,3/24/2017
2319,124286,0,3,3/4/2017,3/5/2017,1,301,3184,701,3/4/2017
2320,12354,4,2,3/3/2017,3/4/2017,1,301,3184,673,3/3/2017
2321,95107,4,3,3/5/2017,3/6/2017,1,301,2664,677,3/5/2017
2322,145095,3,4,3/15/2017,3/17/2017,1,314,3812,,3/15/2017
2323,134416,1,2,3/10/2017,3/11/2017,1,314,1964,416,3/9/2017
2324,134416,1,2,3/9/2017,3/10/2017,1,314,1906,404,3/7/2017
2325,73065,2,2,3/2/2017,3/3/2017,1,314,2209,468,3/1/2017
2326,92056,0,4,3/15/2017,3/16/2017,1,314,1906,419,3/15/2017
2327,28245,0,3,5/23/2017,5/25/2017,2,296,14555,3202,3/25/2017
2328,139495,0,2,4/16/2017,4/18/2017,1,421,5598,1232,3/30/2017
2329,139495,4,3,4/16/2017,4/18/2017,1,421,5598,1185,3/31/2017
2330,23899,4,2,3/20/2017,3/21/2017,1,331,2274,481,3/20/2017
2331,63032,0,2,3/12/2017,3/13/2017,2,331,5067,1114,3/12/2017
2332,96030,3,3,3/23/2017,3/24/2017,1,308,2599,550,3/13/2017
2333,189468,1,2,3/27/2017,3/29/2017,1,93,4742,1003,3/21/2017
2334,62582,0,3,3/10/2017,3/12/2017,1,93,4937,1253,3/3/2017
2335,35093,0,3,3/9/2017,3/12/2017,1,93,7344,1616,3/7/2017
2336,2827,4,2,3/26/2017,3/28/2017,1,286,5197,1100,3/7/2017
2337,91545,4,3,3/21/2017,3/24/2017,1,286,7796,1649,3/1/2017
2338,168493,3,3,3/9/2017,3/10/2017,1,683,5199,1100,3/9/2017
2339,92416,4,2,3/4/2017,3/5/2017,1,683,4224,893,3/4/2017
2340,136094,0,3,3/27/2017,3/28/2017,1,716,3509,772,3/26/2017
2341,182418,4,3,3/22/2017,3/23/2017,1,135,2274,481,3/19/2017
2342,67743,4,3,3/4/2017,3/5/2017,1,135,2729,578,3/3/2017
2343,14942,4,3,4/3/2017,4/7/2017,1,135,10395,2199,3/22/2017
2344,27905,4,2,3/2/2017,3/3/2017,1,146,3986,844,3/1/2017
2345,16238,4,2,3/13/2017,3/14/2017,2,398,5197,1100,3/13/2017
2346,163907,1,3,3/14/2017,3/15/2017,1,398,4419,935,3/6/2017
2347,51009,3,2,4/3/2017,4/5/2017,1,25,5837,1235,3/28/2017
2348,115430,3,2,3/27/2017,3/28/2017,1,25,2891,612,3/27/2017
2349,51367,3,2,3/23/2017,3/24/2017,1,25,2802,712,3/23/2017
2350,12377,2,2,3/16/2017,3/18/2017,1,25,6042,1278,3/13/2017
2351,1775,3,2,3/20/2017,3/21/2017,1,25,2790,591,3/20/2017
2352,147059,0,3,3/28/2017,3/29/2017,1,49,2404,529,3/28/2017
2353,133863,3,2,3/17/2017,3/18/2017,1,415,4159,880,3/17/2017
2354,133863,3,4,3/17/2017,3/18/2017,1,394,4549,963,3/17/2017
2355,99420,4,2,3/30/2017,3/31/2017,1,366,1794,380,3/30/2017
2356,46975,3,2,3/29/2017,3/30/2017,1,366,2106,446,3/29/2017
2357,63511,3,2,3/26/2017,3/27/2017,1,366,1912,405,3/26/2017
2358,125282,4,2,3/17/2017,3/18/2017,1,366,1743,369,3/17/2017
2359,15447,0,2,3/2/2017,3/3/2017,1,366,2092,460,3/2/2017
2360,15447,0,2,3/1/2017,3/2/2017,2,366,4077,897,3/1/2017
2361,129675,1,3,3/14/2017,3/15/2017,1,91,2404,508,3/9/2017
2362,129595,3,3,4/1/2017,4/5/2017,1,370,8934,1890,3/28/2017
2363,129595,3,3,4/1/2017,4/5/2017,1,370,9168,1939,3/13/2017
2364,129595,3,3,4/1/2017,4/3/2017,1,370,4321,914,3/19/2017
2365,177699,4,3,3/20/2017,3/21/2017,1,370,2081,528,3/18/2017
2366,21954,4,3,3/18/2017,3/19/2017,1,370,1993,506,3/18/2017
2367,139495,0,3,3/17/2017,3/19/2017,1,370,5379,1184,3/12/2017
2368,33558,0,2,3/31/2017,4/1/2017,1,960,1560,343,3/30/2017
2369,129595,3,3,4/1/2017,4/5/2017,1,960,8528,1804,3/28/2017
2370,111950,2,3,3/24/2017,3/25/2017,1,960,2197,465,3/23/2017
2371,27492,0,3,3/21/2017,3/22/2017,1,960,1794,395,3/20/2017
2372,12485,4,2,3/7/2017,3/8/2017,2,348,4677,990,3/7/2017
2373,103992,0,2,3/28/2017,3/29/2017,1,579,1819,462,3/26/2017
2374,94128,4,2,3/9/2017,3/10/2017,1,579,1819,385,3/7/2017
2375,60375,4,2,3/8/2017,3/9/2017,1,380,2469,523,3/8/2017
2376,113593,4,3,3/19/2017,3/20/2017,1,130,1819,385,3/19/2017
2377,96349,4,2,3/19/2017,3/20/2017,1,130,1559,330,3/15/2017
2378,129675,4,2,3/30/2017,4/1/2017,1,187,8252,1746,3/27/2017
2379,27492,3,4,3/23/2017,3/24/2017,1,187,3119,660,3/23/2017
2380,6963,3,3,3/22/2017,3/23/2017,1,187,3509,891,3/22/2017
2381,142058,0,2,3/8/2017,3/10/2017,1,187,7017,1543,3/5/2017
2382,107937,0,3,3/28/2017,3/29/2017,1,298,2404,611,3/27/2017
2383,44138,4,3,3/19/2017,3/20/2017,1,391,2209,561,3/19/2017
2384,76528,4,3,3/14/2017,3/15/2017,1,270,2794,710,3/14/2017
2385,55529,1,2,3/9/2017,3/12/2017,1,270,11630,2461,3/9/2017
2386,42484,0,2,3/23/2017,3/24/2017,1,62,1949,429,3/23/2017
2387,13091,4,2,3/10/2017,3/11/2017,1,62,1559,330,3/10/2017
2388,59358,0,3,3/8/2017,3/9/2017,1,62,1949,429,3/8/2017
2389,32718,4,4,3/5/2017,3/6/2017,1,62,1689,358,3/5/2017
2390,106977,3,3,3/4/2017,3/5/2017,1,62,2469,523,3/3/2017
2391,123989,0,2,3/6/2017,3/7/2017,1,62,2144,472,3/6/2017
2392,161884,3,2,3/3/2017,3/4/2017,2,551,8707,1843,3/3/2017
2393,161884,3,2,3/3/2017,3/4/2017,2,551,9422,1993,3/3/2017
2394,63053,4,3,3/24/2017,3/31/2017,1,548,21631,4576,3/23/2017
2395,33092,4,2,3/12/2017,3/13/2017,1,233,2729,578,3/12/2017
2396,162144,0,2,3/10/2017,3/11/2017,1,233,2924,644,3/10/2017
2397,162144,3,2,3/4/2017,3/5/2017,1,233,3054,646,3/4/2017
2398,39047,3,2,3/20/2017,3/21/2017,1,233,3379,715,3/20/2017
2399,73873,4,3,3/26/2017,3/29/2017,2,701,19492,4124,3/3/2017
2400,19246,0,2,3/14/2017,3/25/2017,1,378,45360,11515,3/7/2017
2401,106487,3,3,3/4/2017,3/5/2017,1,378,3899,825,3/4/2017
2402,39047,3,3,3/20/2017,3/21/2017,1,562,2989,633,3/20/2017
2403,77061,3,2,4/12/2017,4/13/2017,1,74,2859,605,3/24/2017
2404,22534,1,3,3/31/2017,4/2/2017,2,74,8575,1814,3/31/2017
2405,25479,1,3,4/1/2017,4/4/2017,1,74,7796,1649,3/30/2017
2406,13846,3,3,3/5/2017,3/6/2017,1,74,2729,578,3/4/2017
2407,193175,1,2,3/1/2017,3/3/2017,1,74,4547,963,3/1/2017
2408,60327,3,3,3/27/2017,3/28/2017,1,74,2209,468,3/27/2017
2409,36923,1,2,3/25/2017,3/26/2017,1,74,3509,743,3/24/2017
2410,172100,3,2,3/10/2017,3/11/2017,1,116,1819,385,3/6/2017
2411,118827,3,2,3/5/2017,3/6/2017,1,116,1624,343,3/5/2017
2412,172100,3,3,3/15/2017,3/16/2017,1,116,2144,453,3/2/2017
2413,118827,3,4,3/2/2017,3/3/2017,1,116,1884,398,3/2/2017
2414,118827,3,3,3/3/2017,3/4/2017,1,116,1754,371,3/2/2017
2415,100935,0,2,3/5/2017,3/6/2017,1,178,2209,486,3/5/2017
2416,94477,4,2,3/31/2017,4/1/2017,1,263,1819,385,3/31/2017
2417,160722,4,2,3/29/2017,3/30/2017,1,263,1494,316,3/29/2017
2418,190208,4,3,3/22/2017,3/23/2017,1,21,1884,398,3/22/2017
2419,63907,3,2,3/4/2017,3/5/2017,1,21,2794,591,3/3/2017
2420,122076,4,2,3/20/2017,3/21/2017,1,29,1494,316,3/20/2017
2421,163241,3,3,3/20/2017,3/21/2017,1,29,2404,508,3/18/2017
2422,179042,3,4,3/15/2017,3/16/2017,1,29,1884,398,3/15/2017
2423,9858,3,3,3/14/2017,3/15/2017,1,29,1494,316,3/14/2017
2424,116003,3,2,3/11/2017,3/12/2017,1,3,2469,523,3/11/2017
2425,11800,3,3,3/5/2017,3/6/2017,1,3,1949,413,3/5/2017
2426,9858,3,2,3/29/2017,4/3/2017,1,33,7209,1525,3/29/2017
2427,39801,4,3,4/2/2017,4/3/2017,1,33,1884,398,3/31/2017
2428,19536,4,2,3/31/2017,4/1/2017,1,33,1786,378,3/30/2017
2429,75155,1,2,3/28/2017,3/29/2017,1,33,1494,316,3/27/2017
2430,88424,4,2,3/28/2017,3/29/2017,1,33,1364,288,3/28/2017
2431,70262,4,2,3/27/2017,3/28/2017,1,33,1169,248,3/27/2017
2432,162890,4,3,3/25/2017,3/26/2017,1,33,2469,523,3/22/2017
2433,59752,4,2,3/24/2017,3/25/2017,1,33,1689,358,3/24/2017
2434,19536,4,2,3/24/2017,3/25/2017,1,33,2274,481,3/22/2017
2435,29269,3,2,3/22/2017,3/23/2017,1,33,1364,288,3/22/2017
2436,163241,3,2,3/22/2017,3/23/2017,1,33,1884,398,3/22/2017
2437,163241,3,3,3/22/2017,3/23/2017,1,33,2274,481,3/21/2017
2438,188432,4,4,3/19/2017,3/20/2017,1,33,2274,481,3/18/2017
2439,14601,4,3,3/18/2017,3/19/2017,1,33,2274,481,3/17/2017
2440,85376,4,2,3/16/2017,3/17/2017,1,33,1689,358,3/16/2017
2441,9133,3,2,3/11/2017,3/12/2017,1,33,2014,426,3/2/2017
2442,139191,3,4,3/11/2017,3/12/2017,1,33,2014,426,3/8/2017
2443,21418,3,3,3/11/2017,3/12/2017,1,33,1949,413,3/11/2017
2444,7731,4,3,3/11/2017,3/12/2017,1,33,2209,468,3/10/2017
2445,190208,4,2,3/10/2017,3/11/2017,1,33,1949,413,3/10/2017
2446,162890,4,3,3/11/2017,3/12/2017,1,33,2014,426,3/7/2017
2447,5049,4,2,3/4/2017,3/5/2017,1,33,2014,426,3/4/2017
2448,7731,4,2,3/3/2017,3/4/2017,1,33,1884,398,3/3/2017
2449,61311,3,2,3/5/2017,3/6/2017,1,33,1884,398,3/5/2017
2450,88880,1,3,3/4/2017,3/5/2017,1,33,2404,508,3/4/2017
2451,188432,4,2,3/4/2017,3/5/2017,1,33,2014,426,3/3/2017
2452,13951,4,2,3/3/2017,3/4/2017,1,33,1884,398,3/3/2017
2453,186767,3,2,3/2/2017,3/3/2017,1,33,1949,413,3/2/2017
2454,51037,1,2,3/2/2017,3/3/2017,1,33,1429,303,3/1/2017
2455,109230,3,3,3/3/2017,3/4/2017,1,33,2014,426,3/1/2017
2456,188432,4,3,3/13/2017,3/14/2017,1,33,1949,413,3/12/2017
2457,139383,4,2,3/10/2017,3/11/2017,1,33,1949,413,3/10/2017
2458,75174,4,2,3/31/2017,4/1/2017,1,305,1299,275,3/31/2017
2459,10629,4,2,3/28/2017,3/29/2017,1,305,1039,220,3/28/2017
2460,36923,2,4,3/25/2017,3/26/2017,1,305,2664,563,3/24/2017
2461,155152,2,2,3/18/2017,3/19/2017,1,305,2274,481,3/18/2017
2462,85376,4,2,3/18/2017,3/19/2017,1,305,1754,371,3/18/2017
2463,85376,4,3,3/18/2017,3/19/2017,1,305,1559,330,3/18/2017
2464,122482,3,3,3/30/2017,3/31/2017,1,37,1689,358,3/30/2017
2465,4595,4,4,3/15/2017,3/16/2017,1,37,2209,468,3/4/2017
2466,9634,4,3,3/16/2017,3/17/2017,1,37,2209,468,3/14/2017
2467,127299,0,2,3/12/2017,3/13/2017,1,37,2599,572,3/12/2017
2468,13959,3,2,3/29/2017,3/30/2017,1,449,2192,464,3/28/2017
2469,108360,4,3,3/24/2017,3/25/2017,1,449,2430,514,3/20/2017
2470,104479,4,3,3/21/2017,3/22/2017,1,449,2313,490,3/21/2017
2471,8704,4,2,3/15/2017,3/20/2017,1,449,9744,2061,3/15/2017
2472,149975,3,3,3/17/2017,3/18/2017,1,449,2192,464,3/16/2017
2473,36632,4,2,3/8/2017,3/10/2017,1,449,3812,806,3/7/2017
2474,8704,4,2,3/6/2017,3/7/2017,1,449,1906,404,3/6/2017
2475,8704,4,2,3/13/2017,3/15/2017,1,449,3812,806,3/12/2017
2476,8704,4,2,3/12/2017,3/15/2017,1,449,5717,1210,3/12/2017
2477,8704,4,2,3/7/2017,3/12/2017,1,449,10329,2185,3/7/2017
2478,2261,0,2,3/27/2017,3/28/2017,1,13,2014,512,3/25/2017
2479,197733,4,2,3/26/2017,3/27/2017,1,13,2404,508,3/26/2017
2480,198706,4,3,3/25/2017,3/26/2017,1,13,2274,481,3/22/2017
2481,12485,4,2,3/19/2017,3/20/2017,2,13,3377,715,3/19/2017
2482,3424,3,2,3/14/2017,3/15/2017,1,13,1819,385,3/14/2017
2483,165031,4,2,3/10/2017,3/11/2017,1,13,1949,413,3/10/2017
2484,58429,2,3,3/9/2017,3/10/2017,1,13,1624,343,3/9/2017
2485,142628,4,2,3/5/2017,3/6/2017,1,13,1559,330,3/5/2017
2486,197733,4,3,3/5/2017,3/6/2017,1,13,1884,398,3/4/2017
2487,165031,4,3,3/4/2017,3/5/2017,1,13,2014,426,3/2/2017
2488,10362,4,2,3/3/2017,3/4/2017,1,13,1754,371,3/3/2017
2489,10362,4,2,3/2/2017,3/3/2017,1,13,1884,398,3/2/2017
2490,10362,4,2,3/1/2017,3/2/2017,1,13,1624,343,3/1/2017
2491,41471,4,2,3/1/2017,3/2/2017,1,13,2339,495,3/1/2017
2492,179789,1,2,3/31/2017,4/1/2017,1,207,1429,303,3/31/2017
2493,18465,4,2,3/26/2017,3/27/2017,1,207,2469,523,3/26/2017
2494,69202,3,2,3/25/2017,3/26/2017,1,207,2534,536,3/25/2017
2495,6006,3,3,3/11/2017,3/12/2017,1,207,1884,398,3/10/2017
2496,6268,0,2,3/10/2017,3/11/2017,1,207,1949,429,3/6/2017
2497,139421,3,3,3/8/2017,3/9/2017,1,207,1494,316,3/8/2017
2498,65068,4,2,3/7/2017,3/8/2017,1,207,1624,343,3/7/2017
2499,7970,4,2,3/7/2017,3/8/2017,1,207,1624,343,3/7/2017
2500,86258,0,2,3/5/2017,3/6/2017,1,207,1754,386,3/3/2017
2501,159558,0,4,3/3/2017,3/6/2017,1,207,5585,1229,3/3/2017
2502,5868,4,2,3/3/2017,3/4/2017,1,207,1819,385,3/1/2017
2503,152174,1,3,4/3/2017,4/6/2017,1,629,5195,1099,3/27/2017
2504,29704,4,2,3/29/2017,3/30/2017,1,629,1754,371,3/29/2017
2505,187982,0,2,3/27/2017,3/28/2017,1,629,1624,358,3/26/2017
2506,55794,4,3,3/27/2017,3/28/2017,1,629,1364,288,3/26/2017
2507,109230,3,2,3/23/2017,3/24/2017,1,629,1494,316,3/22/2017
2508,87679,4,2,3/16/2017,3/17/2017,1,629,1559,330,3/15/2017
2509,11665,2,3,3/5/2017,3/6/2017,1,629,1884,398,3/4/2017
2510,143053,0,2,3/4/2017,3/5/2017,1,629,2079,458,3/4/2017
2511,151754,3,3,3/11/2017,3/12/2017,2,440,5067,1073,3/11/2017
2512,22963,4,3,3/6/2017,3/7/2017,1,440,2339,495,3/5/2017
2513,22963,4,2,3/1/2017,3/2/2017,1,440,2404,508,3/1/2017
2514,134836,4,3,3/11/2017,3/12/2017,1,16,2599,550,3/6/2017
2515,58429,2,3,4/19/2017,4/27/2017,1,955,17150,3628,3/19/2017
2516,119112,4,3,4/2/2017,4/3/2017,1,955,2053,435,3/30/2017
2517,29269,3,2,3/29/2017,3/30/2017,1,955,1594,338,3/29/2017
2518,6636,4,2,3/26/2017,3/27/2017,1,955,1704,361,3/24/2017
2519,2577,4,2,3/26/2017,3/27/2017,1,955,2101,444,3/25/2017
2520,97561,0,3,3/24/2017,3/25/2017,1,955,1661,365,3/24/2017
2521,110256,4,2,3/23/2017,3/24/2017,1,955,1781,377,3/23/2017
2522,86555,4,2,3/23/2017,3/24/2017,1,955,1885,399,3/23/2017
2523,153485,0,2,3/22/2017,3/23/2017,1,955,1749,385,3/20/2017
2524,153485,0,3,3/23/2017,3/24/2017,1,955,2049,451,3/20/2017
2525,153758,3,2,3/21/2017,3/22/2017,1,955,1594,338,3/21/2017
2526,85431,4,4,3/18/2017,3/19/2017,1,955,2171,460,3/13/2017
2527,54699,0,3,3/17/2017,3/18/2017,1,955,1715,377,3/16/2017
2528,110256,4,2,3/13/2017,3/14/2017,1,955,1594,338,3/13/2017
2529,8864,3,2,3/11/2017,3/12/2017,1,955,1676,354,3/11/2017
2530,3176,0,2,3/9/2017,3/10/2017,2,955,3188,702,3/9/2017
2531,41627,3,2,3/8/2017,3/9/2017,1,955,2306,488,3/7/2017
2532,13091,4,3,3/7/2017,3/8/2017,1,955,1537,326,3/7/2017
2533,132693,4,3,3/21/2017,3/22/2017,1,955,1741,369,3/21/2017
2534,220,4,2,3/2/2017,3/3/2017,1,955,1949,413,3/2/2017
2535,183580,3,3,3/28/2017,3/29/2017,1,515,2014,512,3/28/2017
2536,25162,3,3,3/25/2017,3/26/2017,1,515,3509,743,3/24/2017
2537,56905,3,2,3/21/2017,3/23/2017,1,515,4417,935,3/21/2017
2538,33493,3,2,3/18/2017,3/19/2017,1,515,2664,563,3/18/2017
2539,23503,4,2,3/14/2017,3/15/2017,1,515,2469,523,3/13/2017
2540,23503,4,3,3/13/2017,3/14/2017,1,515,2274,481,3/13/2017
2541,33493,3,4,3/3/2017,3/4/2017,1,523,2599,550,3/3/2017
2542,25797,0,3,3/31/2017,4/1/2017,2,523,4677,1029,3/31/2017
2543,14601,4,2,3/18/2017,3/19/2017,1,513,2469,523,3/18/2017
2544,56905,3,2,3/17/2017,3/18/2017,1,513,2274,481,3/17/2017
2545,56905,3,2,3/16/2017,3/17/2017,1,513,2274,481,3/16/2017
2546,56905,3,2,3/15/2017,3/16/2017,1,513,2014,426,3/15/2017
2547,147278,4,2,3/14/2017,3/15/2017,1,513,2469,523,3/11/2017
2548,173979,3,2,3/31/2017,4/1/2017,1,181,1656,351,3/30/2017
2549,147059,3,2,3/23/2017,3/24/2017,2,181,3377,715,3/23/2017
2550,140525,0,3,3/11/2017,3/12/2017,1,181,1754,386,3/11/2017
2551,173979,3,2,3/10/2017,3/12/2017,1,181,3377,715,3/6/2017
2552,121788,4,3,3/19/2017,3/20/2017,1,399,2664,563,3/18/2017
2553,108360,4,3,3/4/2017,3/5/2017,1,399,2404,508,3/1/2017
2554,171784,3,2,3/11/2017,3/12/2017,1,848,2014,426,3/11/2017
2555,108360,4,2,3/4/2017,3/5/2017,1,848,2599,550,3/3/2017
2556,57736,0,3,4/1/2017,4/5/2017,1,848,11092,2440,3/25/2017
2557,20992,4,2,3/26/2017,3/27/2017,1,131,2079,440,3/26/2017
2558,123857,3,2,3/25/2017,3/26/2017,1,131,2794,591,3/25/2017
2559,48070,1,2,3/14/2017,3/15/2017,1,131,2729,578,3/13/2017
2560,8353,4,2,4/1/2017,4/2/2017,1,466,1594,338,3/22/2017
2561,8353,4,3,4/1/2017,4/2/2017,1,466,1594,338,3/22/2017
2562,195442,4,2,3/28/2017,3/29/2017,1,466,1495,317,3/28/2017
2563,14876,0,2,3/21/2017,3/22/2017,2,466,2590,570,3/21/2017
2564,30578,4,4,3/18/2017,3/19/2017,1,466,1868,474,3/18/2017
2565,143053,0,3,3/18/2017,3/19/2017,1,466,1868,411,3/18/2017
2566,122529,3,2,4/4/2017,4/7/2017,1,653,7796,1979,3/22/2017
2567,74860,4,3,4/2/2017,4/3/2017,1,653,2404,508,3/29/2017
2568,145744,4,2,3/31/2017,4/1/2017,1,653,1884,398,3/31/2017
2569,166113,4,2,3/26/2017,3/27/2017,1,653,1819,385,3/26/2017
2570,145744,4,2,3/23/2017,3/24/2017,1,653,2339,495,3/22/2017
2571,178405,4,2,3/22/2017,3/23/2017,1,653,2339,495,3/14/2017
2572,56894,4,2,3/21/2017,3/22/2017,1,653,2144,453,3/21/2017
2573,191728,3,2,3/20/2017,3/21/2017,1,653,2339,495,3/20/2017
2574,74860,4,2,3/14/2017,3/20/2017,1,653,14290,3023,3/9/2017
2575,195924,4,3,3/18/2017,3/19/2017,1,653,2794,591,3/17/2017
2576,56894,4,2,3/15/2017,3/16/2017,1,653,1884,398,3/15/2017
2577,195924,4,2,3/11/2017,3/12/2017,1,653,2339,495,3/10/2017
2578,145744,4,2,3/8/2017,3/9/2017,1,653,2209,468,3/7/2017
2579,96563,3,2,3/5/2017,3/6/2017,1,653,2339,495,3/5/2017
2580,2133,4,2,3/4/2017,3/5/2017,1,653,2014,426,3/4/2017
2581,74860,4,3,3/10/2017,3/17/2017,1,653,17281,3655,3/9/2017
2582,88692,0,3,4/7/2017,4/9/2017,5,346,29887,6575,3/22/2017
2583,3207,0,2,3/24/2017,3/25/2017,1,346,2144,472,3/24/2017
2584,3398,4,2,3/22/2017,3/24/2017,1,346,5067,1073,3/21/2017
2585,3207,1,2,3/23/2017,3/24/2017,1,346,2079,440,3/23/2017
2586,15445,4,2,3/21/2017,3/22/2017,1,346,1754,371,3/21/2017
2587,3207,3,2,3/19/2017,3/20/2017,1,346,1949,413,3/19/2017
2588,42741,3,2,3/18/2017,3/19/2017,1,346,2729,578,3/18/2017
2589,106973,0,3,3/19/2017,3/20/2017,1,346,2729,601,3/18/2017
2590,108140,4,3,3/13/2017,3/14/2017,1,346,2209,561,3/12/2017
2591,150771,4,2,3/11/2017,3/12/2017,1,346,2339,495,3/10/2017
2592,3207,3,2,3/10/2017,3/11/2017,1,346,2014,426,3/10/2017
2593,190827,0,3,3/10/2017,3/11/2017,1,346,1624,358,3/10/2017
2594,3207,3,2,3/9/2017,3/10/2017,1,346,2274,481,3/9/2017
2595,192035,4,2,3/6/2017,3/7/2017,1,346,2274,481,3/4/2017
2596,3398,3,3,3/17/2017,3/18/2017,1,346,1949,413,3/5/2017
2597,31136,4,2,3/30/2017,3/31/2017,1,176,1594,338,3/30/2017
2598,13091,4,2,3/28/2017,3/29/2017,1,176,1473,311,3/28/2017
2599,13091,4,2,3/27/2017,3/28/2017,1,176,2300,486,3/26/2017
2600,4121,3,4,3/26/2017,3/27/2017,1,176,2314,490,3/26/2017
2601,13091,4,2,3/26/2017,3/27/2017,1,176,2245,475,3/26/2017
2602,116920,4,2,3/22/2017,3/23/2017,1,176,2179,461,3/21/2017
2603,2831,4,2,3/17/2017,3/18/2017,1,176,2236,473,3/16/2017
2604,11199,0,2,3/23/2017,3/24/2017,1,176,2083,459,3/22/2017
2605,19363,1,2,3/25/2017,3/26/2017,1,517,2599,550,3/21/2017
2606,45644,4,2,3/14/2017,3/17/2017,1,50,6626,1401,3/14/2017
2607,20133,0,2,3/14/2017,3/15/2017,1,50,2339,515,3/13/2017
2608,25479,3,2,3/11/2017,3/12/2017,1,50,2664,563,3/11/2017
2609,25479,3,3,3/4/2017,3/5/2017,1,50,3054,646,3/4/2017
2610,45644,4,2,3/2/2017,3/3/2017,1,50,2534,536,3/2/2017
2611,40981,3,2,3/5/2017,3/6/2017,1,578,3119,660,3/5/2017
2612,193630,3,3,3/25/2017,3/26/2017,1,241,2079,440,3/2/2017
2613,85412,3,2,3/31/2017,4/1/2017,1,239,1888,399,3/31/2017
2614,6284,4,2,3/31/2017,4/1/2017,1,239,1888,399,3/30/2017
2615,5397,4,2,3/20/2017,3/21/2017,1,239,1888,399,3/19/2017
2616,5397,4,3,3/19/2017,3/20/2017,1,239,2050,433,3/16/2017
2617,113889,3,2,3/18/2017,3/19/2017,1,239,2363,501,3/18/2017
2618,21072,3,4,3/18/2017,3/19/2017,1,239,1970,417,3/16/2017
2619,714,4,3,3/10/2017,3/11/2017,1,239,2267,575,3/9/2017
2620,58429,2,3,4/19/2017,4/27/2017,1,400,16110,3408,3/19/2017
2621,75870,4,3,3/18/2017,3/19/2017,1,400,2079,440,3/18/2017
2622,69586,0,2,3/26/2017,3/27/2017,1,77,2006,441,3/22/2017
2623,3177,4,2,3/26/2017,3/27/2017,1,77,2050,433,3/26/2017
2624,108360,4,3,3/6/2017,3/7/2017,1,77,1888,399,3/6/2017
2625,63945,4,2,3/3/2017,3/4/2017,1,77,2200,465,3/3/2017
2626,9197,4,2,4/1/2017,4/2/2017,1,364,1906,404,3/8/2017
2627,64360,1,3,3/28/2017,3/29/2017,1,364,2664,563,3/26/2017
2628,101625,4,2,3/24/2017,3/25/2017,1,364,1884,398,3/24/2017
2629,58429,2,3,4/2/2017,4/6/2017,1,364,7623,1613,3/9/2017
2630,27492,3,2,3/11/2017,3/12/2017,1,364,1689,358,3/11/2017
2631,27492,3,3,3/11/2017,3/12/2017,1,364,1689,358,3/11/2017
2632,27492,3,3,3/11/2017,3/12/2017,1,364,1689,358,3/11/2017
2633,29269,3,2,3/9/2017,3/11/2017,1,364,3572,756,3/9/2017
2634,52445,4,2,3/10/2017,3/11/2017,1,364,2144,453,3/9/2017
2635,142186,4,2,3/10/2017,3/11/2017,1,364,1949,413,3/7/2017
2636,51987,3,2,3/9/2017,3/10/2017,1,364,2014,426,3/9/2017
2637,47195,3,2,3/8/2017,3/9/2017,1,364,1819,385,3/8/2017
2638,47195,3,2,3/7/2017,3/8/2017,1,364,2014,426,3/7/2017
2639,83178,3,3,5/6/2017,5/7/2017,1,58,2534,536,3/28/2017
2640,167053,4,2,3/30/2017,3/31/2017,1,58,1819,385,3/30/2017
2641,146622,4,2,3/29/2017,3/30/2017,1,58,1754,371,3/29/2017
2642,146622,4,2,3/28/2017,3/29/2017,1,58,1819,385,3/28/2017
2643,146622,4,3,3/28/2017,3/29/2017,1,58,1884,398,3/28/2017
2644,146622,4,3,3/28/2017,3/29/2017,1,58,2014,426,3/27/2017
2645,9298,3,3,3/25/2017,3/26/2017,1,58,2859,605,3/25/2017
2646,146622,4,2,3/9/2017,3/10/2017,1,58,2404,508,3/9/2017
2647,146622,4,2,3/8/2017,3/9/2017,1,58,2209,468,3/8/2017
2648,4121,3,2,3/6/2017,3/7/2017,1,58,2209,468,3/6/2017
2649,113889,3,2,3/31/2017,4/1/2017,1,448,1689,358,3/31/2017
2650,175856,4,2,3/23/2017,3/24/2017,1,448,2794,591,3/19/2017
2651,113889,0,2,3/5/2017,3/6/2017,1,448,2209,486,3/5/2017
2652,106080,4,2,3/15/2017,3/16/2017,1,448,2014,426,3/15/2017
2653,58429,2,2,4/19/2017,4/27/2017,1,417,14425,3051,3/19/2017
2654,58429,2,2,4/19/2017,4/27/2017,1,417,14425,3051,3/19/2017
2655,145838,3,2,3/19/2017,3/20/2017,1,417,2120,449,3/19/2017
2656,47195,3,2,3/17/2017,3/18/2017,1,417,1798,381,3/17/2017
2657,9330,4,2,3/9/2017,3/10/2017,1,417,2274,481,3/9/2017
2658,145838,3,2,3/7/2017,3/8/2017,1,417,1698,360,3/7/2017
2659,19988,4,3,3/17/2017,3/18/2017,1,417,1477,375,3/17/2017
2660,5494,0,2,3/3/2017,3/4/2017,1,365,1754,,3/3/2017
2661,13951,4,4,3/31/2017,4/1/2017,2,365,2597,,3/31/2017
2662,35242,3,2,3/17/2017,3/18/2017,1,522,1754,371,3/17/2017
2663,136602,3,2,3/15/2017,3/16/2017,1,522,1689,358,3/15/2017
2664,106764,3,2,3/11/2017,3/12/2017,1,522,2209,468,3/11/2017
2665,167196,4,2,3/7/2017,3/8/2017,1,522,1884,398,3/7/2017
2666,18521,2,2,3/3/2017,3/4/2017,1,522,2274,481,3/3/2017
2667,77935,4,2,3/2/2017,3/3/2017,1,522,2014,426,3/1/2017
2668,195442,4,2,3/27/2017,3/28/2017,1,522,1819,385,3/26/2017
2669,9386,4,3,3/24/2017,3/25/2017,1,522,2014,426,3/24/2017
2670,128524,3,2,3/30/2017,3/31/2017,1,323,2079,440,3/29/2017
2671,110650,3,2,3/29/2017,3/30/2017,1,323,2079,440,3/28/2017
2672,129377,4,2,3/26/2017,3/27/2017,1,655,2599,550,3/26/2017
2673,6513,3,2,3/25/2017,3/26/2017,1,655,3054,646,3/25/2017
2674,129377,4,2,3/24/2017,3/26/2017,1,655,5132,1086,3/24/2017
2675,3231,1,2,3/20/2017,3/21/2017,1,655,2079,440,3/19/2017
2676,23493,4,2,3/18/2017,3/19/2017,1,262,2404,508,3/18/2017
2677,62188,4,3,3/31/2017,4/1/2017,1,478,2014,426,3/30/2017
2678,62188,4,2,3/30/2017,3/31/2017,1,478,2079,440,3/29/2017
2679,62188,4,3,3/25/2017,3/27/2017,1,478,6042,1278,3/25/2017
2680,62188,4,2,3/13/2017,3/14/2017,1,478,2144,453,3/13/2017
2681,88934,4,2,3/2/2017,3/3/2017,1,478,1624,343,3/1/2017
2682,150206,4,2,3/17/2017,3/20/2017,1,702,7145,1814,3/14/2017
2683,28412,0,2,3/8/2017,3/9/2017,1,702,2014,443,3/7/2017
2684,106867,0,2,3/30/2017,4/1/2017,2,702,7535,1658,3/28/2017
2685,76893,3,3,3/25/2017,3/26/2017,1,483,2274,,3/24/2017
2686,76858,3,2,3/16/2017,3/17/2017,1,483,1819,385,3/15/2017
2687,10015,1,2,3/15/2017,3/16/2017,1,996,2794,591,3/15/2017
2688,10015,1,2,3/14/2017,3/15/2017,1,996,2664,563,3/14/2017
2689,10015,1,2,3/11/2017,3/14/2017,1,996,8966,1896,3/10/2017
2690,184227,0,2,3/14/2017,3/15/2017,1,661,2274,501,3/14/2017
2691,71766,1,2,3/31/2017,4/1/2017,1,505,1624,343,3/31/2017
2692,88934,4,3,3/20/2017,3/21/2017,1,505,1754,371,3/18/2017
2693,9354,4,2,3/15/2017,3/17/2017,1,997,5977,1265,3/14/2017
2694,53581,3,2,3/16/2017,3/17/2017,1,997,2924,618,3/16/2017
2695,156140,4,3,4/4/2017,4/5/2017,2,997,8642,2193,3/31/2017
2696,163662,3,2,4/4/2017,4/5/2017,1,877,2599,550,3/30/2017
2697,25889,4,2,3/7/2017,3/8/2017,1,877,2924,618,3/4/2017
2698,64380,4,2,3/27/2017,4/1/2017,1,808,10719,2721,3/24/2017
2699,141740,4,4,3/11/2017,3/12/2017,1,808,2079,440,3/11/2017
2700,168488,4,2,3/10/2017,3/12/2017,1,831,8707,1843,3/6/2017
2701,68193,3,4,4/11/2017,4/13/2017,1,703,5587,1183,3/19/2017
2702,185711,1,2,3/25/2017,3/26/2017,1,703,3249,688,3/25/2017
2703,68193,3,3,4/11/2017,4/14/2017,1,703,8381,1773,3/18/2017
2704,68193,3,3,4/10/2017,4/14/2017,1,703,11435,2419,3/4/2017
2705,194874,4,2,3/30/2017,4/1/2017,1,979,4937,1045,3/30/2017
2706,99730,0,3,4/1/2017,4/5/2017,1,277,10847,2386,3/28/2017
2707,13138,4,3,8/16/2017,8/17/2017,1,277,1949,,3/12/2017
2708,11069,4,2,3/27/2017,3/28/2017,1,693,2599,550,3/27/2017
2709,11069,4,2,3/25/2017,3/26/2017,1,693,3444,728,3/25/2017
2710,101088,4,4,3/5/2017,3/6/2017,1,693,2274,481,3/5/2017
2711,60296,3,3,3/6/2017,3/7/2017,1,342,2859,605,3/2/2017
2712,136170,3,3,3/14/2017,3/15/2017,1,342,1884,398,3/14/2017
2713,170764,4,4,4/1/2017,4/2/2017,1,345,3644,925,3/24/2017
2714,199674,4,3,4/1/2017,4/2/2017,1,345,3020,767,3/30/2017
2715,141740,4,2,3/29/2017,3/30/2017,1,345,1819,385,3/29/2017
2716,141740,4,2,3/19/2017,3/20/2017,1,345,2419,512,3/18/2017
2717,148025,0,2,3/14/2017,3/15/2017,1,345,2262,497,3/14/2017
2718,68193,3,3,4/11/2017,4/13/2017,1,704,4230,895,3/19/2017
2719,81775,3,4,4/6/2017,4/7/2017,1,704,2674,565,3/25/2017
2720,153931,4,2,3/30/2017,3/31/2017,1,704,1875,397,3/30/2017
2721,148025,4,2,3/27/2017,3/28/2017,1,704,2521,534,3/27/2017
2722,158172,4,2,3/12/2017,3/13/2017,1,704,2228,565,3/11/2017
2723,180438,3,2,3/11/2017,3/12/2017,1,704,3479,736,3/6/2017
2724,148025,4,2,3/7/2017,3/8/2017,1,704,1907,484,3/7/2017
2725,153931,4,2,3/7/2017,3/8/2017,1,704,1620,343,3/5/2017
2726,153931,4,3,3/7/2017,3/8/2017,1,704,1994,422,3/2/2017
2727,153931,4,3,3/7/2017,3/8/2017,1,704,2054,435,3/1/2017
2728,114013,3,3,3/20/2017,3/21/2017,1,689,3184,673,3/13/2017
2729,114013,3,3,3/21/2017,3/22/2017,1,689,3184,673,3/13/2017
2730,90948,3,3,3/22/2017,3/23/2017,1,689,3184,673,3/13/2017
2731,90948,3,3,3/21/2017,3/22/2017,1,689,3184,673,3/13/2017
2732,90948,3,3,3/20/2017,3/21/2017,1,689,3184,673,3/13/2017
2733,161137,3,2,3/2/2017,3/3/2017,1,626,1386,294,3/2/2017
2734,118825,1,2,3/23/2017,3/24/2017,1,666,2924,618,3/21/2017
2735,28523,0,2,3/6/2017,3/7/2017,1,326,2274,578,3/5/2017
2736,109970,4,2,3/18/2017,3/19/2017,1,157,2079,440,3/18/2017
2737,18625,4,2,3/18/2017,3/20/2017,1,599,4521,957,3/15/2017
2738,148275,4,2,3/28/2017,3/29/2017,1,169,1039,220,3/28/2017
2739,165340,4,2,4/27/2017,4/29/2017,3,724,16232,3434,3/24/2017
2740,165340,4,2,4/27/2017,4/28/2017,3,724,8116,1717,3/24/2017
2741,18979,4,3,3/31/2017,4/2/2017,1,724,5541,1173,3/30/2017
2742,167196,4,3,3/24/2017,3/25/2017,1,724,2116,448,3/24/2017
2743,182513,3,3,3/20/2017,3/21/2017,1,724,2132,451,3/19/2017
2744,147516,0,2,3/30/2017,3/31/2017,1,724,1871,411,3/30/2017
2745,162534,4,2,3/4/2017,3/5/2017,1,724,3119,792,3/4/2017
2746,116321,0,2,3/1/2017,3/2/2017,1,724,2079,458,3/1/2017
2747,138423,4,2,3/11/2017,3/14/2017,1,862,5733,1213,3/8/2017
2748,144052,4,2,3/5/2017,3/6/2017,1,507,1949,413,3/5/2017
2749,62941,0,2,3/12/2017,3/13/2017,4,450,9355,2375,3/12/2017
2750,25876,1,2,3/18/2017,3/19/2017,1,514,2144,453,3/4/2017
2751,168301,3,2,3/8/2017,3/9/2017,1,514,2079,440,3/8/2017
2752,168301,3,2,3/7/2017,3/8/2017,1,514,2079,440,3/7/2017
2753,87734,4,2,3/19/2017,3/20/2017,1,541,2664,563,3/19/2017
2754,96027,4,2,3/5/2017,3/6/2017,2,660,3247,688,3/5/2017
2755,180731,4,2,4/1/2017,4/2/2017,1,124,2414,510,3/31/2017
2756,121698,3,2,3/2/2017,3/3/2017,1,124,2293,582,3/2/2017
2757,149015,0,2,3/30/2017,3/31/2017,3,124,6317,1389,3/30/2017
2758,149015,0,2,3/29/2017,3/30/2017,3,124,6317,1389,3/29/2017
2759,149015,0,2,3/28/2017,3/29/2017,3,124,6317,1389,3/28/2017
2760,15841,4,2,4/1/2017,4/2/2017,2,932,3767,798,3/31/2017
2761,188922,4,2,3/25/2017,3/26/2017,2,697,5457,1155,3/25/2017
2762,188922,4,3,3/25/2017,3/26/2017,1,697,3379,715,3/25/2017
2763,71320,3,4,3/4/2017,3/5/2017,1,697,2534,536,3/4/2017
2764,112239,3,3,4/14/2017,4/16/2017,2,139,6739,1426,3/18/2017
2765,137032,4,4,3/28/2017,3/29/2017,1,139,1921,407,3/28/2017
2766,137032,4,2,3/28/2017,3/29/2017,1,139,1386,294,3/28/2017
2767,137032,4,2,3/27/2017,3/28/2017,1,139,1763,373,3/27/2017
2768,137032,4,2,3/24/2017,3/25/2017,1,139,1594,338,3/24/2017
2769,137032,4,2,3/20/2017,3/21/2017,1,139,1594,338,3/20/2017
2770,137032,4,2,3/15/2017,3/16/2017,1,139,1594,338,3/15/2017
2771,137032,4,2,3/14/2017,3/15/2017,1,139,1594,338,3/14/2017
2772,137032,4,2,3/3/2017,3/4/2017,1,139,1642,348,3/3/2017
2773,137032,4,2,3/7/2017,3/8/2017,1,139,1594,338,3/7/2017
2774,20387,1,2,3/16/2017,3/18/2017,1,306,9617,2035,3/14/2017
2775,193476,4,2,3/20/2017,3/22/2017,1,753,3403,721,3/20/2017
2776,117528,3,3,3/3/2017,3/4/2017,1,753,2640,559,3/3/2017
2777,117528,3,3,3/3/2017,3/4/2017,1,753,2640,559,3/3/2017
2778,91912,4,2,3/17/2017,3/18/2017,1,294,1798,381,3/17/2017
2779,91912,4,2,3/16/2017,3/17/2017,1,294,1851,392,3/16/2017
2780,30923,4,3,3/31/2017,4/3/2017,2,956,21700,5509,3/23/2017
2781,41279,4,2,3/3/2017,3/4/2017,1,953,3509,743,3/1/2017
2782,172517,3,3,3/19/2017,3/20/2017,1,858,4354,1106,3/16/2017
2783,120340,1,3,3/7/2017,3/8/2017,1,330,4549,963,3/6/2017
2784,197706,0,3,3/25/2017,3/26/2017,1,407,6239,1373,3/24/2017
2785,130893,4,3,3/6/2017,3/7/2017,1,750,2664,677,3/5/2017
2786,105268,4,3,3/19/2017,3/20/2017,1,336,5459,1155,3/16/2017
2787,88044,4,2,3/14/2017,3/16/2017,1,336,12217,2585,3/10/2017
2788,72165,4,2,3/14/2017,3/15/2017,1,336,4224,893,3/14/2017
2789,9732,1,2,3/21/2017,3/23/2017,1,136,8317,1760,3/17/2017
2790,17865,1,3,3/17/2017,3/18/2017,1,136,3444,728,3/17/2017
2791,48663,4,2,4/29/2017,4/30/2017,1,226,3055,,3/24/2017
2792,81387,4,2,4/12/2017,4/15/2017,1,226,8385,,3/23/2017
2793,100336,0,2,3/29/2017,3/30/2017,1,226,2795,,3/29/2017
2794,43432,1,2,3/20/2017,3/22/2017,1,226,5590,,3/14/2017
2795,154793,4,2,3/20/2017,3/21/2017,1,226,3055,,3/20/2017
2796,154793,4,2,3/20/2017,3/21/2017,1,226,3055,,3/20/2017
2797,143913,0,2,3/20/2017,3/21/2017,1,226,2859,629,3/20/2017
2798,154793,4,2,3/21/2017,3/24/2017,1,226,9165,,3/20/2017
2799,59024,4,2,3/15/2017,3/17/2017,2,226,12220,,3/15/2017
2800,21716,4,3,4/25/2017,4/26/2017,1,267,6369,1348,3/30/2017
2801,56281,0,2,3/10/2017,3/13/2017,1,267,21509,4732,3/3/2017
2802,39669,3,2,3/8/2017,3/11/2017,1,267,16634,3519,3/8/2017
2803,66504,4,2,3/10/2017,3/11/2017,1,267,6109,1293,3/9/2017
2804,189009,3,2,3/11/2017,3/12/2017,1,537,6889,1749,3/11/2017
2805,92430,4,3,3/31/2017,4/1/2017,1,183,2274,481,3/29/2017
2806,105268,0,3,3/19/2017,3/20/2017,1,847,5914,1301,3/17/2017
2807,100139,0,2,3/2/2017,3/4/2017,1,234,7407,1629,3/1/2017
2808,48864,1,2,3/21/2017,4/1/2017,1,885,37166,7862,3/20/2017
2809,43285,0,2,3/30/2017,3/31/2017,1,885,2339,515,3/29/2017
2810,79414,4,2,3/29/2017,3/30/2017,1,885,2014,426,3/29/2017
2811,127103,4,2,3/29/2017,3/30/2017,1,885,1884,398,3/29/2017
2812,53257,3,2,3/17/2017,3/18/2017,1,885,2469,627,3/17/2017
2813,19274,4,4,3/27/2017,3/30/2017,1,335,10979,2787,3/26/2017
2814,37146,4,2,4/12/2017,4/13/2017,1,800,5048,1068,3/20/2017
2815,132149,0,2,4/5/2017,4/7/2017,1,800,7374,1623,3/23/2017
2816,10362,4,2,3/24/2017,3/25/2017,1,800,3552,751,3/24/2017
2817,58198,4,3,3/21/2017,3/22/2017,1,800,2553,540,3/21/2017
2818,58198,4,2,3/15/2017,3/17/2017,1,800,7420,1570,3/8/2017
2819,58198,4,2,3/11/2017,3/15/2017,1,800,13915,2944,3/8/2017
2820,58198,4,2,3/8/2017,3/11/2017,1,800,10284,2610,3/7/2017
2821,7519,1,2,3/4/2017,3/6/2017,1,800,6869,1453,3/3/2017
2822,40124,4,3,3/19/2017,3/20/2017,1,800,2461,520,3/19/2017
2823,105268,1,3,3/19/2017,3/20/2017,1,800,4263,902,3/17/2017
2824,60998,0,2,3/2/2017,3/4/2017,1,800,5728,1261,3/2/2017
2825,7519,1,2,3/3/2017,3/4/2017,1,800,3271,692,3/3/2017
2826,2057,0,3,3/29/2017,3/30/2017,1,803,4939,1087,3/28/2017
2827,118644,4,2,3/28/2017,3/30/2017,1,188,4612,976,3/27/2017
2828,98876,4,2,3/25/2017,3/26/2017,1,188,3249,825,3/24/2017
2829,141952,4,2,3/9/2017,3/10/2017,1,188,2209,468,3/9/2017
2830,133499,2,2,3/9/2017,3/10/2017,1,188,2404,508,3/9/2017
2831,49071,4,2,4/1/2017,4/3/2017,1,117,9877,2090,3/30/2017
2832,72844,4,2,3/6/2017,3/7/2017,1,117,4159,880,3/6/2017
2833,49071,4,2,4/27/2017,5/1/2017,1,117,21315,4509,3/15/2017
2834,69059,4,2,4/7/2017,4/8/2017,2,96,10397,2200,3/21/2017
2835,153825,4,2,4/3/2017,4/5/2017,1,96,8577,1815,3/29/2017
2836,88586,0,2,3/14/2017,3/15/2017,1,282,2274,501,3/14/2017
2837,124446,1,3,4/3/2017,4/5/2017,1,545,10137,2145,3/30/2017
2838,172729,0,3,3/16/2017,3/18/2017,1,325,6367,1400,3/16/2017
2839,46174,1,2,3/9/2017,3/10/2017,1,325,2794,591,3/7/2017
2840,88846,4,2,3/25/2017,3/26/2017,1,111,2924,618,3/23/2017
2841,46976,4,3,3/1/2017,3/2/2017,1,567,5654,1196,3/1/2017
2842,83686,4,3,3/10/2017,3/11/2017,1,500,1949,413,3/3/2017
2843,167248,0,2,3/6/2017,3/7/2017,1,500,1754,386,3/6/2017
2844,100197,4,2,3/6/2017,3/7/2017,1,500,1884,398,3/5/2017
2845,141373,4,2,3/27/2017,3/29/2017,1,261,3702,783,3/22/2017
2846,135369,4,2,3/25/2017,3/26/2017,1,261,2274,481,3/20/2017
2847,54065,4,2,3/19/2017,3/20/2017,1,261,2144,453,3/19/2017
2848,133115,4,3,3/18/2017,3/20/2017,1,261,4417,935,3/18/2017
2849,133115,4,2,3/1/2017,3/3/2017,1,261,4027,853,3/1/2017
2850,37981,0,3,3/8/2017,3/9/2017,1,261,2014,443,3/7/2017
2851,132187,4,2,3/23/2017,3/24/2017,1,59,1494,316,3/23/2017
2852,173243,4,3,3/20/2017,3/21/2017,1,59,1884,398,3/15/2017
2853,112455,2,2,3/12/2017,3/13/2017,1,59,1754,371,3/11/2017
2854,109075,3,2,3/10/2017,3/11/2017,1,59,1624,343,3/10/2017
2855,68922,4,2,3/4/2017,3/5/2017,1,59,2404,550,3/3/2017
2856,109075,3,2,3/3/2017,3/4/2017,1,59,2014,426,3/2/2017
2857,43287,4,2,3/7/2017,3/8/2017,1,69,1949,413,3/6/2017
2858,151754,3,3,3/18/2017,3/19/2017,1,574,2664,563,3/18/2017
2859,140493,4,4,3/31/2017,4/1/2017,2,162,4586,970,3/31/2017
2860,21661,4,2,3/30/2017,3/31/2017,1,162,2766,585,3/30/2017
2861,140493,4,4,3/28/2017,3/29/2017,3,162,6299,1332,3/28/2017
2862,140493,4,4,3/23/2017,3/24/2017,2,162,5452,1154,3/23/2017
2863,140493,4,4,3/21/2017,3/22/2017,2,162,4849,1026,3/21/2017
2864,173243,4,3,3/20/2017,3/21/2017,1,162,2142,453,3/19/2017
2865,140493,1,4,3/18/2017,3/19/2017,1,162,4459,944,3/10/2017
2866,140493,4,4,3/15/2017,3/16/2017,2,162,3541,749,3/15/2017
2867,140493,4,4,3/15/2017,3/16/2017,2,162,3541,749,3/15/2017
2868,64828,4,3,3/15/2017,3/16/2017,1,162,2059,436,3/15/2017
2869,64828,4,3,3/15/2017,3/16/2017,1,162,2844,602,3/15/2017
2870,140493,4,4,3/14/2017,3/16/2017,3,162,12199,2581,3/14/2017
2871,140493,4,3,3/11/2017,3/12/2017,3,162,6681,1414,3/9/2017
2872,140493,4,3,3/10/2017,3/11/2017,3,162,7281,1540,3/9/2017
2873,140493,1,4,3/12/2017,3/13/2017,2,162,4794,1014,3/12/2017
2874,140493,4,3,3/11/2017,3/12/2017,3,162,6681,1414,3/9/2017
2875,124293,4,2,3/11/2017,3/12/2017,1,162,2561,542,3/9/2017
2876,140493,4,3,3/10/2017,3/11/2017,3,162,7281,1540,3/9/2017
2877,173243,2,3,3/20/2017,3/21/2017,1,651,1429,303,3/18/2017
2878,114490,3,2,3/14/2017,3/15/2017,1,651,1949,413,3/14/2017
2879,183032,4,3,3/15/2017,3/16/2017,1,651,2209,468,3/10/2017
2880,114490,3,2,3/17/2017,3/18/2017,1,436,2339,495,3/17/2017
2881,69332,0,2,3/11/2017,3/12/2017,2,436,3767,828,3/10/2017
2882,180388,4,2,3/29/2017,3/30/2017,1,685,1884,398,3/28/2017
2883,2583,4,2,3/27/2017,3/28/2017,1,685,1819,385,3/26/2017
2884,134314,4,2,3/19/2017,3/20/2017,1,685,2404,508,3/19/2017
2885,129376,0,2,3/4/2017,3/5/2017,1,685,2469,543,3/4/2017
2886,21694,1,2,3/25/2017,3/26/2017,1,287,2404,508,3/24/2017
2887,63953,0,3,3/25/2017,3/26/2017,1,569,2989,658,3/21/2017
2888,115308,3,2,3/28/2017,3/29/2017,1,44,2014,426,3/27/2017
2889,115308,3,2,3/27/2017,3/28/2017,1,44,1949,413,3/27/2017
2890,115308,3,2,3/25/2017,3/27/2017,1,44,5262,1335,3/25/2017
2891,115308,3,2,3/24/2017,3/25/2017,1,44,1754,371,3/24/2017
2892,115308,3,3,3/24/2017,3/27/2017,1,44,7274,1539,3/23/2017
2893,93508,3,3,3/6/2017,3/7/2017,1,44,1624,343,3/6/2017
2894,66896,4,3,3/19/2017,3/20/2017,1,44,2144,453,3/19/2017
2895,31994,0,3,3/12/2017,3/14/2017,1,777,5717,1257,3/11/2017
2896,9330,4,3,3/27/2017,3/30/2017,1,772,9029,1910,3/26/2017
2897,9330,4,2,3/26/2017,3/27/2017,1,772,2794,591,3/26/2017
2898,144682,4,2,3/24/2017,3/26/2017,1,772,7927,2012,3/24/2017
2899,100139,0,3,3/24/2017,3/28/2017,1,772,14165,3116,3/22/2017
2900,834,0,2,3/10/2017,3/11/2017,1,772,3769,957,3/5/2017
2901,12340,0,2,3/16/2017,3/19/2017,1,206,8900,2259,3/16/2017
2902,12340,0,2,3/17/2017,3/18/2017,1,206,2339,515,3/17/2017
2903,31994,0,3,3/12/2017,3/14/2017,1,206,5457,1200,3/10/2017
2904,34066,0,3,3/31/2017,4/1/2017,1,677,2100,462,3/31/2017
2905,85588,4,2,3/27/2017,3/28/2017,1,677,1594,338,3/27/2017
2906,64828,4,3,3/27/2017,3/28/2017,1,677,1934,409,3/26/2017
2907,64828,4,2,3/26/2017,3/27/2017,1,677,2075,439,3/26/2017
2908,11931,3,2,3/24/2017,3/25/2017,1,677,1899,402,3/24/2017
2909,116513,0,2,3/23/2017,3/24/2017,1,677,1386,305,3/23/2017
2910,173243,2,4,3/20/2017,3/21/2017,1,677,1964,416,3/20/2017
2911,179812,4,3,3/20/2017,3/21/2017,1,677,1708,362,3/20/2017
2912,67915,4,2,3/12/2017,3/13/2017,1,677,1912,405,3/12/2017
2913,175573,4,2,3/11/2017,3/12/2017,1,677,2079,440,3/11/2017
2914,187359,0,3,3/11/2017,3/15/2017,1,601,8055,1772,3/11/2017
2915,72061,4,2,3/10/2017,3/11/2017,1,620,3054,646,3/6/2017
2916,55389,4,2,3/24/2017,3/25/2017,1,594,2285,580,3/24/2017
2917,147285,3,2,3/3/2017,3/4/2017,1,594,2289,581,3/3/2017
2918,132542,4,2,3/29/2017,3/30/2017,1,663,2392,607,3/29/2017
2919,194329,3,2,3/24/2017,3/27/2017,2,663,22495,4759,3/16/2017
2920,194329,3,2,3/23/2017,3/24/2017,1,663,3920,829,3/16/2017
2921,22380,4,2,3/24/2017,3/25/2017,1,742,2404,508,3/24/2017
2922,76046,2,4,3/10/2017,3/11/2017,1,411,2924,618,3/10/2017
2923,41757,4,2,3/7/2017,3/8/2017,1,411,3509,891,3/7/2017
2924,186694,0,2,3/24/2017,3/26/2017,1,646,9370,2061,3/24/2017
2925,186694,0,2,3/23/2017,3/24/2017,2,646,6040,1329,3/23/2017
2926,8760,4,3,4/13/2017,4/16/2017,1,646,7601,1608,3/6/2017
2927,143748,1,2,3/9/2017,3/10/2017,1,646,3211,680,3/9/2017
2928,150469,4,3,3/20/2017,3/21/2017,1,652,2794,591,3/20/2017
2929,150469,4,3,3/8/2017,3/9/2017,1,652,3119,660,3/7/2017
2930,161789,3,2,3/17/2017,3/18/2017,1,236,4159,1056,3/17/2017
2931,52795,3,2,3/25/2017,3/26/2017,1,813,3509,,3/24/2017
2932,136459,1,3,3/30/2017,3/31/2017,1,648,1733,366,3/30/2017
2933,98717,4,3,3/26/2017,3/28/2017,1,648,4217,892,3/21/2017
2934,139513,0,2,3/7/2017,3/8/2017,2,648,4111,1044,3/5/2017
2935,139513,4,3,3/7/2017,3/8/2017,2,648,5187,1098,3/2/2017
2936,126588,4,2,3/31/2017,4/1/2017,1,211,3639,770,3/31/2017
2937,126588,4,2,3/30/2017,3/31/2017,1,211,3379,715,3/30/2017
2938,98742,4,2,3/21/2017,3/22/2017,1,211,3639,770,3/21/2017
2939,98742,4,2,3/20/2017,3/21/2017,1,211,3639,770,3/19/2017
2940,126588,4,2,3/17/2017,3/18/2017,1,211,3834,811,3/17/2017
2941,126588,4,2,3/1/2017,3/2/2017,1,211,3704,783,3/1/2017
2942,126588,4,2,3/29/2017,3/30/2017,1,211,3704,783,3/29/2017
2943,78365,3,2,3/29/2017,3/31/2017,1,619,3637,770,3/29/2017
2944,78365,3,2,3/23/2017,3/24/2017,1,619,2209,468,3/23/2017
2945,78365,3,2,3/22/2017,3/23/2017,1,619,2534,536,3/22/2017
2946,78365,3,2,3/16/2017,3/17/2017,1,619,2404,508,3/16/2017
2947,78365,3,2,3/14/2017,3/15/2017,1,619,1884,398,3/14/2017
2948,78365,3,3,3/14/2017,3/15/2017,1,619,2144,453,3/14/2017
2949,78365,3,2,3/9/2017,3/10/2017,1,619,2274,481,3/7/2017
2950,78365,3,2,3/8/2017,3/9/2017,1,619,2274,481,3/7/2017
2951,78365,3,2,3/7/2017,3/8/2017,1,619,2534,536,3/7/2017
2952,126993,4,4,3/3/2017,3/4/2017,1,619,2794,591,3/3/2017
2953,126993,4,2,3/3/2017,3/4/2017,1,619,2794,591,3/3/2017
2954,78365,3,2,3/21/2017,3/22/2017,1,619,2274,481,3/21/2017
2955,78365,3,2,3/20/2017,3/21/2017,1,619,2014,426,3/20/2017
2956,78365,3,2,3/15/2017,3/16/2017,1,619,2014,426,3/15/2017
2957,69680,4,3,3/31/2017,4/1/2017,1,853,3964,838,3/30/2017
2958,170764,4,3,3/25/2017,3/26/2017,1,853,3964,838,3/23/2017
2959,86098,3,4,3/21/2017,3/22/2017,1,853,3444,728,3/21/2017
2960,119652,4,3,3/20/2017,3/21/2017,1,853,3444,728,3/18/2017
2961,143748,1,3,3/6/2017,3/7/2017,1,853,3054,646,3/5/2017
